Worker;Image;Creation Message;Reception Worker;Finalization Worker
WORKER2;3682bf34-1bc6-42bd-83fe-aff8f64b292d.png;1544204191603;1544204191608;1544204192427
WORKER1;b95d87b9-5a1e-46c8-a7a6-813527e32dba.png;1544204191754;1544204191754;1544204192671
WORKER2;08411725-895e-491b-99d0-998be34ae682.png;1544204191902;1544204192430;1544204193336
WORKER1;f305c16a-514d-491f-a80f-7777a6e80934.png;1544204192062;1544204192674;1544204193613
WORKER2;97fbdd18-6c47-4958-906f-f5e1e8454cb6.png;1544204192187;1544204193340;1544204194287
WORKER1;d835aa66-9f8d-4320-ac50-27db2cd57978.png;1544204192303;1544204193617;1544204194486
WORKER2;f4171380-3bb4-4591-b723-b6a4dbaa6f5b.png;1544204192418;1544204194291;1544204195187
WORKER1;9307c442-413d-443c-b581-08f1a27d2f5f.png;1544204192549;1544204194489;1544204195367
WORKER2;37d8ab83-1591-49b8-bf75-61e5d62b0632.png;1544204192673;1544204195191;1544204196063
WORKER1;4925a0e8-e29f-4a64-84f1-25f29e75fbd9.png;1544204192825;1544204195370;1544204196212
WORKER1;2f7c25d2-75c4-41c3-b557-d0f418d35701.png;1544204193080;1544204196214;1544204197022
WORKER2;90d88e85-a718-43d0-b03e-e3e90c272aac.png;1544204192949;1544204196066;1544204197042
WORKER2;af8eaf14-d393-421a-a96f-79069de0f400.png;1544204193310;1544204197046;1544204197848
WORKER1;d9b43af6-11fd-4bb5-8d2d-d4f4365afdc5.png;1544204193194;1544204197025;1544204197887
WORKER2;0acbad71-0622-4e37-ae41-683376afe232.png;1544204193427;1544204197850;1544204198680
WORKER1;8c88616b-8db9-44ea-af10-21f44db01030.png;1544204193571;1544204197889;1544204198779
WORKER2;df79acd1-70ed-4fbe-ac74-02798c54d978.png;1544204193689;1544204198685;1544204199526
WORKER1;6f98e304-4747-4a13-a17f-bdc037fae4f0.png;1544204193810;1544204198781;1544204199693
WORKER2;54492cab-d310-45d4-97a8-ec7107cbb0e9.png;1544204193951;1544204199530;1544204200400
WORKER1;ab09e7e3-9bc6-4b1e-a57b-32be8a53468b.png;1544204194108;1544204199696;1544204200575
WORKER2;9a20005e-6f4f-431f-afb8-3a4dbdbbdc5a.png;1544204194244;1544204200404;1544204201285
WORKER1;f0f57d43-a4cc-452c-ad6f-d0fb45acec20.png;1544204194369;1544204200576;1544204201422
WORKER2;5ec7af87-c759-413f-9dbe-76df22229fe1.png;1544204194510;1544204201293;1544204202193
WORKER1;4c38cd14-9343-420f-8227-1176cdaa6623.png;1544204194668;1544204201424;1544204202384
WORKER2;b7a8757d-48b5-4d0d-a3bd-0b45bcab122b.png;1544204194827;1544204202199;1544204203125
WORKER1;3415b13c-fac9-4ab9-a52e-75b44f5f0fe3.png;1544204194963;1544204202386;1544204203161
WORKER2;9d8d4eff-db29-4d61-a9d0-ae400ab36e0c.png;1544204195103;1544204203127;1544204203904
WORKER1;8cbc8e4e-22a5-488d-9ba7-4c6711f51135.png;1544204195232;1544204203164;1544204204006
WORKER2;e3434a73-af50-4555-a836-81a3014aafd7.png;1544204195356;1544204203909;1544204204761
WORKER1;f4afd45e-863d-4aac-9a06-45da22960083.png;1544204195489;1544204204008;1544204204862
WORKER2;d84b7625-bceb-4648-96a1-11c94da6d892.png;1544204195629;1544204204764;1544204205570
WORKER1;5687f29c-016e-4a33-a02e-622e0ea6aed1.png;1544204195761;1544204204865;1544204205704
WORKER2;c83cb5af-80d1-4c3c-b77e-2c60fb73b7c9.png;1544204195878;1544204205575;1544204206370
WORKER1;83b8a0ca-2ff6-48b5-88de-864b7c6ddc1f.png;1544204195999;1544204205706;1544204206478
WORKER2;4418b79c-973f-4e5e-8d6b-a647dca7ece8.png;1544204196127;1544204206373;1544204207139
WORKER1;4b8a75a4-717f-4f33-b62e-38ede9b428bd.png;1544204196260;1544204206479;1544204207343
WORKER2;0196c29c-2a9b-4da0-b357-f1a715d126b2.png;1544204196398;1544204207143;1544204207976
WORKER1;45572e0d-1b43-4f29-9542-c9d5e9bafe2d.png;1544204196518;1544204207345;1544204208206
WORKER2;4a72a2f1-baa2-4649-80eb-5e68ddc3e106.png;1544204196639;1544204207979;1544204208783
WORKER1;d650dd10-07e2-4953-90df-8773840f60d7.png;1544204196788;1544204208208;1544204208993
WORKER2;3cf5d513-f941-4f37-91d8-949fa7a8af4e.png;1544204196931;1544204208786;1544204209593
WORKER1;99f1d205-69e1-463d-9dfb-29a512e59c36.png;1544204197077;1544204208995;1544204209814
WORKER2;f33527d0-365d-4225-9439-47c5843a7f57.png;1544204197216;1544204209595;1544204210387
WORKER1;9580c628-6168-4319-840b-9ab02ff7b4ef.png;1544204197379;1544204209816;1544204210607
WORKER2;c5daf123-c727-4ce3-a465-5d2a849832ab.png;1544204197514;1544204210390;1544204211226
WORKER1;2c6e6610-92e7-41ca-8aa8-8221242a02ae.png;1544204197655;1544204210612;1544204211428
WORKER2;02481895-fba2-4f96-a07b-3363b91a4257.png;1544204197800;1544204211229;1544204212092
WORKER1;03f96340-a858-48ea-bc22-03a51729b06b.png;1544204197926;1544204211431;1544204212297
WORKER2;4088d95a-02de-4399-9646-b3afa0442676.png;1544204198094;1544204212095;1544204212916
WORKER1;5f4952da-3498-4cf3-ae60-727a79efb132.png;1544204198226;1544204212300;1544204213119
WORKER2;843f7331-460a-4bc2-9eed-5e1a6be2b685.png;1544204198351;1544204212919;1544204213719
WORKER1;0e0eb55a-7121-45a1-af80-6df2ec947caf.png;1544204198489;1544204213121;1544204213953
WORKER2;a770f530-0ac5-4c4e-a901-c59f92d27360.png;1544204198627;1544204213722;1544204214478
WORKER1;479e60b4-33aa-43d1-9e62-0155197022b5.png;1544204198751;1544204213955;1544204214730
WORKER2;213b30ad-3bf3-45dc-acbd-91e00f500e50.png;1544204198877;1544204214481;1544204215280
WORKER1;82f4c28a-3c08-4707-9b1c-957b2ce8b307.png;1544204199020;1544204214731;1544204215518
WORKER2;98837c6a-5dc5-4f3b-a8d4-65708954a44c.png;1544204199168;1544204215282;1544204216065
WORKER1;3e84ce67-35c8-4757-af32-e9198d635117.png;1544204199310;1544204215520;1544204216287
WORKER2;2bf9a00a-9b06-4b51-b95d-1684c33ca108.png;1544204199448;1544204216067;1544204216899
WORKER1;3b6b2bc9-4ddb-4075-a035-5d878acd8732.png;1544204199588;1544204216290;1544204217131
WORKER2;c4d2a60b-4615-48cb-b677-fabf8ac3540b.png;1544204199733;1544204216904;1544204217727
WORKER1;7eaa2ed9-bc4c-48cf-b9a0-4d6f4ccda522.png;1544204199876;1544204217133;1544204217943
WORKER2;fbb323d1-eb06-4b26-be1d-385547f32253.png;1544204200028;1544204217733;1544204218523
WORKER1;3be12826-3335-4dda-bba6-c85291ca7294.png;1544204200171;1544204217945;1544204218748
WORKER2;2b44acf5-e071-4afe-b0a6-8ef31cd0df62.png;1544204200321;1544204218528;1544204219336
WORKER1;d17ddc62-0645-45a1-9d12-5c7b11247c8e.png;1544204200458;1544204218750;1544204219553
WORKER2;4e322f2c-49ef-47cd-b91b-1415b932b918.png;1544204200616;1544204219339;1544204220151
WORKER1;fd86d01d-1927-4fe1-921a-3841804e3a22.png;1544204200775;1544204219555;1544204220398
WORKER2;9dda3336-5fa6-4cbf-99cd-bc9d0d357fd6.png;1544204200924;1544204220153;1544204220979
WORKER1;9fffd72c-9b84-4baf-a3b8-409382d00972.png;1544204201079;1544204220400;1544204221190
WORKER2;a206e2cf-f5c0-4ebc-a551-bcde8c17a29a.png;1544204201210;1544204220981;1544204221856
WORKER1;4395583b-f0d7-40f0-abea-2ab74665a95f.png;1544204201345;1544204221194;1544204222170
WORKER2;d7510606-e5a9-4277-a11f-f1f04cfe7194.png;1544204201482;1544204221863;1544204222759
WORKER1;94996c5a-9bd3-45c5-90ed-d847c71f94ff.png;1544204201623;1544204222172;1544204222971
WORKER2;39cbfcc1-0acf-4152-baa8-bda8443283bd.png;1544204201794;1544204222763;1544204223572
WORKER1;c23ccf30-1a9d-40d0-aefe-7f915f83c9dc.png;1544204201954;1544204222974;1544204223756
WORKER2;49173905-c611-42a5-9b5c-d9aec6a04655.png;1544204202099;1544204223575;1544204224400
WORKER1;3e821f70-368a-464c-b903-eac5b29456c7.png;1544204202250;1544204223759;1544204224593
WORKER2;fddbaa2d-81b2-4c86-91ab-97c220f6e0b6.png;1544204202373;1544204224403;1544204225218
WORKER1;854bb2ee-307e-4be7-92e5-227767d6302e.png;1544204202499;1544204224595;1544204225442
WORKER2;089639f3-7497-41d6-8d62-1c47c3097a70.png;1544204202653;1544204225220;1544204226000
WORKER1;12efda46-344c-4c57-bfa8-80cbf5fb38a3.png;1544204202781;1544204225444;1544204226216
WORKER2;2d6666e6-9603-400e-a748-f1440d5e8ee9.png;1544204202910;1544204226004;1544204226843
WORKER1;9955c4f7-104d-4e63-85a7-25884bdeccc3.png;1544204203074;1544204226220;1544204227094
WORKER2;ea6cce8d-1492-41dc-9d7c-caa55546b55b.png;1544204203200;1544204226845;1544204227603
WORKER1;1104f5ed-cbc5-4f4b-9fe5-22b28b7bca1b.png;1544204203321;1544204227096;1544204227862
WORKER2;adf60424-6ba4-46be-96ea-0680ce42a93b.png;1544204203456;1544204227606;1544204228383
WORKER1;2c822752-e7d6-4de4-bba3-c32889f846a8.png;1544204203574;1544204227864;1544204228653
WORKER2;25aa182c-15ee-411f-b4af-1ff1ba0eb2b8.png;1544204203712;1544204228389;1544204229182
WORKER1;5a433cd9-466b-4982-9c6d-fb0ba435ea39.png;1544204203855;1544204228655;1544204229406
WORKER2;91e88ea4-cf99-49a2-a822-d579054ac773.png;1544204203973;1544204229187;1544204229999
WORKER1;25589299-6d08-458e-b8cf-fc8f7cb47d05.png;1544204204110;1544204229408;1544204230229
WORKER2;5240f7e8-976d-46ea-b91e-1c38b9898db6.png;1544204204257;1544204230004;1544204230817
WORKER1;ceae063e-43f8-4711-9e5c-8599eb806c3b.png;1544204204382;1544204230232;1544204231029
WORKER2;e4cc552e-a691-4abf-bc21-b6f01e218791.png;1544204204511;1544204230819;1544204231616
WORKER1;1d8aa5c5-2c1d-4edc-a098-7a41a401edea.png;1544204204645;1544204231031;1544204231870
WORKER2;5e8873f8-6926-4c39-8244-e82a207017e8.png;1544204204799;1544204231618;1544204232471
WORKER1;2644c8f3-b50b-420d-ad58-0e536671ced8.png;1544204204934;1544204231872;1544204232694
WORKER2;4d145ad8-72d0-4dfa-b61f-e9c601cb4e4a.png;1544204205068;1544204232473;1544204233407
WORKER1;edb6cd5c-9bfc-47b6-86b2-a17af8f02dc2.png;1544204205207;1544204232697;1544204233601
